{
  "random_forest": {
    "f1": 0.8985507246376812,
    "precision": 0.8691588785046729,
    "recall": 0.93,
    "accuracy": 0.86875,
    "auc": 0.9445
  },
  "logistic_regression": {
    "f1": 0.6951871657754011,
    "precision": 0.7471264367816092,
    "recall": 0.65,
    "accuracy": 0.64375,
    "auc": 0.7268333333333333
  },
  "svm": {
    "f1": 0.7692307692307693,
    "precision": 0.625,
    "recall": 1.0,
    "accuracy": 0.625,
    "auc": 0.7228333333333333
  },
  "simple_average": {
    "f1": 0.776,
    "precision": 0.6466666666666666,
    "recall": 0.97,
    "accuracy": 0.65,
    "auc": 0.7285000000000001,
    "threshold": 0.4571279780419888
  }
}