{
  "model_type": "supervised_gmm",
  "n_components": 5,
  "threshold": -7150.212682056477,
  "sample_rate": 22050,
  "metrics": {
    "accuracy": 0.6,
    "precision": 0.601010101010101,
    "recall": 0.6000000000000001,
    "f1": 0.5989974937343359
  },
  "train_samples": 128,
  "val_samples": 32,
  "test_samples": 40
}