{
  "random_forest": {
    "f1": 0.7081339712918661,
    "precision": 0.6788990825688074,
    "recall": 0.74,
    "accuracy": 0.6955074875207987,
    "auc": 0.7988441306755261
  },
  "logistic_regression": {
    "f1": 0.6281945589447651,
    "precision": 0.6215334420880914,
    "recall": 0.635,
    "accuracy": 0.6247920133111481,
    "auc": 0.6533554817275747
  },
  "svm": {
    "f1": 0.6707410236822001,
    "precision": 0.6191819464033851,
    "recall": 0.7316666666666667,
    "accuracy": 0.6414309484193012,
    "auc": 0.6674141749723146
  },
  "simple_average": {
    "f1": 0.6894803548795945,
    "precision": 0.556237218813906,
    "recall": 0.9066666666666666,
    "accuracy": 0.5923460898502496,
    "auc": 0.6457585825027685,
    "threshold": -6.420556770147854
  }
}