{
  "random_forest": {
    "f1": 0.8773584905660378,
    "precision": 0.8303571428571429,
    "recall": 0.93,
    "accuracy": 0.87,
    "auc": 0.9509000000000001
  },
  "logistic_regression": {
    "f1": 0.649746192893401,
    "precision": 0.6597938144329897,
    "recall": 0.64,
    "accuracy": 0.655,
    "auc": 0.7019
  },
  "svm": {
    "f1": 0.6596858638743456,
    "precision": 0.6923076923076923,
    "recall": 0.63,
    "accuracy": 0.675,
    "auc": 0.7198
  },
  "simple_average": {
    "f1": 0.708171206225681,
    "precision": 0.5796178343949044,
    "recall": 0.91,
    "accuracy": 0.625,
    "auc": 0.7050000000000001,
    "threshold": 2.6166478188362894
  },
  "weighted_average": {
    "f1": 0.708171206225681,
    "precision": 0.5796178343949044,
    "recall": 0.91,
    "accuracy": 0.625,
    "auc": 0.7050000000000001,
    "threshold": 2.616647818836289,
    "weights": {
      "gmm_score": 0.3333333333333333,
      "iso_score": 0.3333333333333333,
      "ocsvm_score": 0.3333333333333333
    }
  }
}